Old Path,New Path,Old Name,New Name
c:\Users\Lenovo\Downloads\总结书材料\07四月活动\图片集\叶开泰\IMG_20260419_140220等68项文件\07四月活动-图片集-叶开泰-IMG_20260419_140220等68项文件-横幅大合照1.jpg,c:\Users\Lenovo\Downloads\总结书材料\07四月活动\图片集\叶开泰\IMG_20260419_140220等68项文件\07四月活动-图片集-叶开泰-横幅大合照1.jpg,07四月活动-图片集-叶开泰-IMG_20260419_140220等68项文件-横幅大合照1.jpg,07四月活动-图片集-叶开泰-横幅大合照1.jpg
c:\Users\Lenovo\Downloads\总结书材料\07四月活动\图片集\叶开泰\IMG_20260419_140220等68项文件\07四月活动-图片集-叶开泰-IMG_20260419_140220等68项文件-横幅大合照1_1.jpg,c:\Users\Lenovo\Downloads\总结书材料\07四月活动\图片集\叶开泰\IMG_20260419_140220等68项文件\07四月活动-图片集-叶开泰-横幅大合照1_1.jpg,07四月活动-图片集-叶开泰-IMG_20260419_140220等68项文件-横幅大合照1_1.jpg,07四月活动-图片集-叶开泰-横幅大合照1_1.jpg
c:\Users\Lenovo\Downloads\总结书材料\07四月活动\图片集\叶开泰\IMG_20260419_140220等68项文件\07四月活动-图片集-叶开泰-IMG_20260419_140220等68项文件-横幅大合照1_10.jpg,c:\Users\Lenovo\Downloads\总结书材料\07四月活动\图片集\叶开泰\IMG_20260419_140220等68项文件\07四月活动-图片集-叶开泰-横幅大合照1_2.jpg,07四月活动-图片集-叶开泰-IMG_20260419_140220等68项文件-横幅大合照1_10.jpg,07四月活动-图片集-叶开泰-横幅大合照1_2.jpg
c:\Users\Lenovo\Downloads\总结书材料\07四月活动\图片集\叶开泰\IMG_20260419_140220等68项文件\07四月活动-图片集-叶开泰-IMG_20260419_140220等68项文件-横幅大合照1_11.jpg,c:\Users\Lenovo\Downloads\总结书材料\07四月活动\图片集\叶开泰\IMG_20260419_140220等68项文件\07四月活动-图片集-叶开泰-横幅大合照1_3.jpg,07四月活动-图片集-叶开泰-IMG_20260419_140220等68项文件-横幅大合照1_11.jpg,07四月活动-图片集-叶开泰-横幅大合照1_3.jpg
c:\Users\Lenovo\Downloads\总结书材料\07四月活动\图片集\叶开泰\IMG_20260419_140220等68项文件\07四月活动-图片集-叶开泰-IMG_20260419_140220等68项文件-横幅大合照1_12.jpg,c:\Users\Lenovo\Downloads\总结书材料\07四月活动\图片集\叶开泰\IMG_20260419_140220等68项文件\07四月活动-图片集-叶开泰-横幅大合照1_4.jpg,07四月活动-图片集-叶开泰-IMG_20260419_140220等68项文件-横幅大合照1_12.jpg,07四月活动-图片集-叶开泰-横幅大合照1_4.jpg
c:\Users\Lenovo\Downloads\总结书材料\07四月活动\图片集\叶开泰\IMG_20260419_140220等68项文件\07四月活动-图片集-叶开泰-IMG_20260419_140220等68项文件-横幅大合照1_13.jpg,c:\Users\Lenovo\Downloads\总结书材料\07四月活动\图片集\叶开泰\IMG_20260419_140220等68项文件\07四月活动-图片集-叶开泰-横幅大合照1_5.jpg,07四月活动-图片集-叶开泰-IMG_20260419_140220等68项文件-横幅大合照1_13.jpg,07四月活动-图片集-叶开泰-横幅大合照1_5.jpg
c:\Users\Lenovo\Downloads\总结书材料\07四月活动\图片集\叶开泰\IMG_20260419_140220等68项文件\07四月活动-图片集-叶开泰-IMG_20260419_140220等68项文件-横幅大合照1_14.jpg,c:\Users\Lenovo\Downloads\总结书材料\07四月活动\图片集\叶开泰\IMG_20260419_140220等68项文件\07四月活动-图片集-叶开泰-横幅大合照1_6.jpg,07四月活动-图片集-叶开泰-IMG_20260419_140220等68项文件-横幅大合照1_14.jpg,07四月活动-图片集-叶开泰-横幅大合照1_6.jpg
c:\Users\Lenovo\Downloads\总结书材料\07四月活动\图片集\叶开泰\IMG_20260419_140220等68项文件\07四月活动-图片集-叶开泰-IMG_20260419_140220等68项文件-横幅大合照1_15.jpg,c:\Users\Lenovo\Downloads\总结书材料\07四月活动\图片集\叶开泰\IMG_20260419_140220等68项文件\07四月活动-图片集-叶开泰-横幅大合照1_7.jpg,07四月活动-图片集-叶开泰-IMG_20260419_140220等68项文件-横幅大合照1_15.jpg,07四月活动-图片集-叶开泰-横幅大合照1_7.jpg
c:\Users\Lenovo\Downloads\总结书材料\07四月活动\图片集\叶开泰\IMG_20260419_140220等68项文件\07四月活动-图片集-叶开泰-IMG_20260419_140220等68项文件-横幅大合照1_16.jpg,c:\Users\Lenovo\Downloads\总结书材料\07四月活动\图片集\叶开泰\IMG_20260419_140220等68项文件\07四月活动-图片集-叶开泰-横幅大合照1_8.jpg,07四月活动-图片集-叶开泰-IMG_20260419_140220等68项文件-横幅大合照1_16.jpg,07四月活动-图片集-叶开泰-横幅大合照1_8.jpg
c:\Users\Lenovo\Downloads\总结书材料\07四月活动\图片集\叶开泰\IMG_20260419_140220等68项文件\07四月活动-图片集-叶开泰-IMG_20260419_140220等68项文件-横幅大合照1_17.jpg,c:\Users\Lenovo\Downloads\总结书材料\07四月活动\图片集\叶开泰\IMG_20260419_140220等68项文件\07四月活动-图片集-叶开泰-横幅大合照1_9.jpg,07四月活动-图片集-叶开泰-IMG_20260419_140220等68项文件-横幅大合照1_17.jpg,07四月活动-图片集-叶开泰-横幅大合照1_9.jpg
c:\Users\Lenovo\Downloads\总结书材料\07四月活动\图片集\叶开泰\IMG_20260419_140220等68项文件\07四月活动-图片集-叶开泰-IMG_20260419_140220等68项文件-横幅大合照1_18.jpg,c:\Users\Lenovo\Downloads\总结书材料\07四月活动\图片集\叶开泰\IMG_20260419_140220等68项文件\07四月活动-图片集-叶开泰-横幅大合照1_10.jpg,07四月活动-图片集-叶开泰-IMG_20260419_140220等68项文件-横幅大合照1_18.jpg,07四月活动-图片集-叶开泰-横幅大合照1_10.jpg
c:\Users\Lenovo\Downloads\总结书材料\07四月活动\图片集\叶开泰\IMG_20260419_140220等68项文件\07四月活动-图片集-叶开泰-IMG_20260419_140220等68项文件-横幅大合照1_19.jpg,c:\Users\Lenovo\Downloads\总结书材料\07四月活动\图片集\叶开泰\IMG_20260419_140220等68项文件\07四月活动-图片集-叶开泰-横幅大合照1_11.jpg,07四月活动-图片集-叶开泰-IMG_20260419_140220等68项文件-横幅大合照1_19.jpg,07四月活动-图片集-叶开泰-横幅大合照1_11.jpg
c:\Users\Lenovo\Downloads\总结书材料\07四月活动\图片集\叶开泰\IMG_20260419_140220等68项文件\07四月活动-图片集-叶开泰-IMG_20260419_140220等68项文件-横幅大合照1_2.jpg,c:\Users\Lenovo\Downloads\总结书材料\07四月活动\图片集\叶开泰\IMG_20260419_140220等68项文件\07四月活动-图片集-叶开泰-横幅大合照1_12.jpg,07四月活动-图片集-叶开泰-IMG_20260419_140220等68项文件-横幅大合照1_2.jpg,07四月活动-图片集-叶开泰-横幅大合照1_12.jpg
c:\Users\Lenovo\Downloads\总结书材料\07四月活动\图片集\叶开泰\IMG_20260419_140220等68项文件\07四月活动-图片集-叶开泰-IMG_20260419_140220等68项文件-横幅大合照1_20.jpg,c:\Users\Lenovo\Downloads\总结书材料\07四月活动\图片集\叶开泰\IMG_20260419_140220等68项文件\07四月活动-图片集-叶开泰-横幅大合照1_13.jpg,07四月活动-图片集-叶开泰-IMG_20260419_140220等68项文件-横幅大合照1_20.jpg,07四月活动-图片集-叶开泰-横幅大合照1_13.jpg
c:\Users\Lenovo\Downloads\总结书材料\07四月活动\图片集\叶开泰\IMG_20260419_140220等68项文件\07四月活动-图片集-叶开泰-IMG_20260419_140220等68项文件-横幅大合照1_21.jpg,c:\Users\Lenovo\Downloads\总结书材料\07四月活动\图片集\叶开泰\IMG_20260419_140220等68项文件\07四月活动-图片集-叶开泰-横幅大合照1_14.jpg,07四月活动-图片集-叶开泰-IMG_20260419_140220等68项文件-横幅大合照1_21.jpg,07四月活动-图片集-叶开泰-横幅大合照1_14.jpg
c:\Users\Lenovo\Downloads\总结书材料\07四月活动\图片集\叶开泰\IMG_20260419_140220等68项文件\07四月活动-图片集-叶开泰-IMG_20260419_140220等68项文件-横幅大合照1_22.jpg,c:\Users\Lenovo\Downloads\总结书材料\07四月活动\图片集\叶开泰\IMG_20260419_140220等68项文件\07四月活动-图片集-叶开泰-横幅大合照1_15.jpg,07四月活动-图片集-叶开泰-IMG_20260419_140220等68项文件-横幅大合照1_22.jpg,07四月活动-图片集-叶开泰-横幅大合照1_15.jpg
c:\Users\Lenovo\Downloads\总结书材料\07四月活动\图片集\叶开泰\IMG_20260419_140220等68项文件\07四月活动-图片集-叶开泰-IMG_20260419_140220等68项文件-横幅大合照1_23.jpg,c:\Users\Lenovo\Downloads\总结书材料\07四月活动\图片集\叶开泰\IMG_20260419_140220等68项文件\07四月活动-图片集-叶开泰-横幅大合照1_16.jpg,07四月活动-图片集-叶开泰-IMG_20260419_140220等68项文件-横幅大合照1_23.jpg,07四月活动-图片集-叶开泰-横幅大合照1_16.jpg
c:\Users\Lenovo\Downloads\总结书材料\07四月活动\图片集\叶开泰\IMG_20260419_140220等68项文件\07四月活动-图片集-叶开泰-IMG_20260419_140220等68项文件-横幅大合照1_24.jpg,c:\Users\Lenovo\Downloads\总结书材料\07四月活动\图片集\叶开泰\IMG_20260419_140220等68项文件\07四月活动-图片集-叶开泰-横幅大合照1_17.jpg,07四月活动-图片集-叶开泰-IMG_20260419_140220等68项文件-横幅大合照1_24.jpg,07四月活动-图片集-叶开泰-横幅大合照1_17.jpg
c:\Users\Lenovo\Downloads\总结书材料\07四月活动\图片集\叶开泰\IMG_20260419_140220等68项文件\07四月活动-图片集-叶开泰-IMG_20260419_140220等68项文件-横幅大合照1_25.jpg,c:\Users\Lenovo\Downloads\总结书材料\07四月活动\图片集\叶开泰\IMG_20260419_140220等68项文件\07四月活动-图片集-叶开泰-横幅大合照1_18.jpg,07四月活动-图片集-叶开泰-IMG_20260419_140220等68项文件-横幅大合照1_25.jpg,07四月活动-图片集-叶开泰-横幅大合照1_18.jpg
c:\Users\Lenovo\Downloads\总结书材料\07四月活动\图片集\叶开泰\IMG_20260419_140220等68项文件\07四月活动-图片集-叶开泰-IMG_20260419_140220等68项文件-横幅大合照1_26.jpg,c:\Users\Lenovo\Downloads\总结书材料\07四月活动\图片集\叶开泰\IMG_20260419_140220等68项文件\07四月活动-图片集-叶开泰-横幅大合照1_19.jpg,07四月活动-图片集-叶开泰-IMG_20260419_140220等68项文件-横幅大合照1_26.jpg,07四月活动-图片集-叶开泰-横幅大合照1_19.jpg
c:\Users\Lenovo\Downloads\总结书材料\07四月活动\图片集\叶开泰\IMG_20260419_140220等68项文件\07四月活动-图片集-叶开泰-IMG_20260419_140220等68项文件-横幅大合照1_27.jpg,c:\Users\Lenovo\Downloads\总结书材料\07四月活动\图片集\叶开泰\IMG_20260419_140220等68项文件\07四月活动-图片集-叶开泰-横幅大合照1_20.jpg,07四月活动-图片集-叶开泰-IMG_20260419_140220等68项文件-横幅大合照1_27.jpg,07四月活动-图片集-叶开泰-横幅大合照1_20.jpg
c:\Users\Lenovo\Downloads\总结书材料\07四月活动\图片集\叶开泰\IMG_20260419_140220等68项文件\07四月活动-图片集-叶开泰-IMG_20260419_140220等68项文件-横幅大合照1_28.jpg,c:\Users\Lenovo\Downloads\总结书材料\07四月活动\图片集\叶开泰\IMG_20260419_140220等68项文件\07四月活动-图片集-叶开泰-横幅大合照1_21.jpg,07四月活动-图片集-叶开泰-IMG_20260419_140220等68项文件-横幅大合照1_28.jpg,07四月活动-图片集-叶开泰-横幅大合照1_21.jpg
c:\Users\Lenovo\Downloads\总结书材料\07四月活动\图片集\叶开泰\IMG_20260419_140220等68项文件\07四月活动-图片集-叶开泰-IMG_20260419_140220等68项文件-横幅大合照1_29.jpg,c:\Users\Lenovo\Downloads\总结书材料\07四月活动\图片集\叶开泰\IMG_20260419_140220等68项文件\07四月活动-图片集-叶开泰-横幅大合照1_22.jpg,07四月活动-图片集-叶开泰-IMG_20260419_140220等68项文件-横幅大合照1_29.jpg,07四月活动-图片集-叶开泰-横幅大合照1_22.jpg
c:\Users\Lenovo\Downloads\总结书材料\07四月活动\图片集\叶开泰\IMG_20260419_140220等68项文件\07四月活动-图片集-叶开泰-IMG_20260419_140220等68项文件-横幅大合照1_3.jpg,c:\Users\Lenovo\Downloads\总结书材料\07四月活动\图片集\叶开泰\IMG_20260419_140220等68项文件\07四月活动-图片集-叶开泰-横幅大合照1_23.jpg,07四月活动-图片集-叶开泰-IMG_20260419_140220等68项文件-横幅大合照1_3.jpg,07四月活动-图片集-叶开泰-横幅大合照1_23.jpg
c:\Users\Lenovo\Downloads\总结书材料\07四月活动\图片集\叶开泰\IMG_20260419_140220等68项文件\07四月活动-图片集-叶开泰-IMG_20260419_140220等68项文件-横幅大合照1_30.jpg,c:\Users\Lenovo\Downloads\总结书材料\07四月活动\图片集\叶开泰\IMG_20260419_140220等68项文件\07四月活动-图片集-叶开泰-横幅大合照1_24.jpg,07四月活动-图片集-叶开泰-IMG_20260419_140220等68项文件-横幅大合照1_30.jpg,07四月活动-图片集-叶开泰-横幅大合照1_24.jpg
c:\Users\Lenovo\Downloads\总结书材料\07四月活动\图片集\叶开泰\IMG_20260419_140220等68项文件\07四月活动-图片集-叶开泰-IMG_20260419_140220等68项文件-横幅大合照1_31.jpg,c:\Users\Lenovo\Downloads\总结书材料\07四月活动\图片集\叶开泰\IMG_20260419_140220等68项文件\07四月活动-图片集-叶开泰-横幅大合照1_25.jpg,07四月活动-图片集-叶开泰-IMG_20260419_140220等68项文件-横幅大合照1_31.jpg,07四月活动-图片集-叶开泰-横幅大合照1_25.jpg
c:\Users\Lenovo\Downloads\总结书材料\07四月活动\图片集\叶开泰\IMG_20260419_140220等68项文件\07四月活动-图片集-叶开泰-IMG_20260419_140220等68项文件-横幅大合照1_32.jpg,c:\Users\Lenovo\Downloads\总结书材料\07四月活动\图片集\叶开泰\IMG_20260419_140220等68项文件\07四月活动-图片集-叶开泰-横幅大合照1_26.jpg,07四月活动-图片集-叶开泰-IMG_20260419_140220等68项文件-横幅大合照1_32.jpg,07四月活动-图片集-叶开泰-横幅大合照1_26.jpg
c:\Users\Lenovo\Downloads\总结书材料\07四月活动\图片集\叶开泰\IMG_20260419_140220等68项文件\07四月活动-图片集-叶开泰-IMG_20260419_140220等68项文件-横幅大合照1_33.jpg,c:\Users\Lenovo\Downloads\总结书材料\07四月活动\图片集\叶开泰\IMG_20260419_140220等68项文件\07四月活动-图片集-叶开泰-横幅大合照1_27.jpg,07四月活动-图片集-叶开泰-IMG_20260419_140220等68项文件-横幅大合照1_33.jpg,07四月活动-图片集-叶开泰-横幅大合照1_27.jpg
c:\Users\Lenovo\Downloads\总结书材料\07四月活动\图片集\叶开泰\IMG_20260419_140220等68项文件\07四月活动-图片集-叶开泰-IMG_20260419_140220等68项文件-横幅大合照1_34.jpg,c:\Users\Lenovo\Downloads\总结书材料\07四月活动\图片集\叶开泰\IMG_20260419_140220等68项文件\07四月活动-图片集-叶开泰-横幅大合照1_28.jpg,07四月活动-图片集-叶开泰-IMG_20260419_140220等68项文件-横幅大合照1_34.jpg,07四月活动-图片集-叶开泰-横幅大合照1_28.jpg
c:\Users\Lenovo\Downloads\总结书材料\07四月活动\图片集\叶开泰\IMG_20260419_140220等68项文件\07四月活动-图片集-叶开泰-IMG_20260419_140220等68项文件-横幅大合照1_35.jpg,c:\Users\Lenovo\Downloads\总结书材料\07四月活动\图片集\叶开泰\IMG_20260419_140220等68项文件\07四月活动-图片集-叶开泰-横幅大合照1_29.jpg,07四月活动-图片集-叶开泰-IMG_20260419_140220等68项文件-横幅大合照1_35.jpg,07四月活动-图片集-叶开泰-横幅大合照1_29.jpg
c:\Users\Lenovo\Downloads\总结书材料\07四月活动\图片集\叶开泰\IMG_20260419_140220等68项文件\07四月活动-图片集-叶开泰-IMG_20260419_140220等68项文件-横幅大合照1_36.jpg,c:\Users\Lenovo\Downloads\总结书材料\07四月活动\图片集\叶开泰\IMG_20260419_140220等68项文件\07四月活动-图片集-叶开泰-横幅大合照1_30.jpg,07四月活动-图片集-叶开泰-IMG_20260419_140220等68项文件-横幅大合照1_36.jpg,07四月活动-图片集-叶开泰-横幅大合照1_30.jpg
c:\Users\Lenovo\Downloads\总结书材料\07四月活动\图片集\叶开泰\IMG_20260419_140220等68项文件\07四月活动-图片集-叶开泰-IMG_20260419_140220等68项文件-横幅大合照1_37.jpg,c:\Users\Lenovo\Downloads\总结书材料\07四月活动\图片集\叶开泰\IMG_20260419_140220等68项文件\07四月活动-图片集-叶开泰-横幅大合照1_31.jpg,07四月活动-图片集-叶开泰-IMG_20260419_140220等68项文件-横幅大合照1_37.jpg,07四月活动-图片集-叶开泰-横幅大合照1_31.jpg
c:\Users\Lenovo\Downloads\总结书材料\07四月活动\图片集\叶开泰\IMG_20260419_140220等68项文件\07四月活动-图片集-叶开泰-IMG_20260419_140220等68项文件-横幅大合照1_38.jpg,c:\Users\Lenovo\Downloads\总结书材料\07四月活动\图片集\叶开泰\IMG_20260419_140220等68项文件\07四月活动-图片集-叶开泰-横幅大合照1_32.jpg,07四月活动-图片集-叶开泰-IMG_20260419_140220等68项文件-横幅大合照1_38.jpg,07四月活动-图片集-叶开泰-横幅大合照1_32.jpg
c:\Users\Lenovo\Downloads\总结书材料\07四月活动\图片集\叶开泰\IMG_20260419_140220等68项文件\07四月活动-图片集-叶开泰-IMG_20260419_140220等68项文件-横幅大合照1_39.jpg,c:\Users\Lenovo\Downloads\总结书材料\07四月活动\图片集\叶开泰\IMG_20260419_140220等68项文件\07四月活动-图片集-叶开泰-横幅大合照1_33.jpg,07四月活动-图片集-叶开泰-IMG_20260419_140220等68项文件-横幅大合照1_39.jpg,07四月活动-图片集-叶开泰-横幅大合照1_33.jpg
c:\Users\Lenovo\Downloads\总结书材料\07四月活动\图片集\叶开泰\IMG_20260419_140220等68项文件\07四月活动-图片集-叶开泰-IMG_20260419_140220等68项文件-横幅大合照1_4.jpg,c:\Users\Lenovo\Downloads\总结书材料\07四月活动\图片集\叶开泰\IMG_20260419_140220等68项文件\07四月活动-图片集-叶开泰-横幅大合照1_34.jpg,07四月活动-图片集-叶开泰-IMG_20260419_140220等68项文件-横幅大合照1_4.jpg,07四月活动-图片集-叶开泰-横幅大合照1_34.jpg
c:\Users\Lenovo\Downloads\总结书材料\07四月活动\图片集\叶开泰\IMG_20260419_140220等68项文件\07四月活动-图片集-叶开泰-IMG_20260419_140220等68项文件-横幅大合照1_40.jpg,c:\Users\Lenovo\Downloads\总结书材料\07四月活动\图片集\叶开泰\IMG_20260419_140220等68项文件\07四月活动-图片集-叶开泰-横幅大合照1_35.jpg,07四月活动-图片集-叶开泰-IMG_20260419_140220等68项文件-横幅大合照1_40.jpg,07四月活动-图片集-叶开泰-横幅大合照1_35.jpg
c:\Users\Lenovo\Downloads\总结书材料\07四月活动\图片集\叶开泰\IMG_20260419_140220等68项文件\07四月活动-图片集-叶开泰-IMG_20260419_140220等68项文件-横幅大合照1_41.jpg,c:\Users\Lenovo\Downloads\总结书材料\07四月活动\图片集\叶开泰\IMG_20260419_140220等68项文件\07四月活动-图片集-叶开泰-横幅大合照1_36.jpg,07四月活动-图片集-叶开泰-IMG_20260419_140220等68项文件-横幅大合照1_41.jpg,07四月活动-图片集-叶开泰-横幅大合照1_36.jpg
c:\Users\Lenovo\Downloads\总结书材料\07四月活动\图片集\叶开泰\IMG_20260419_140220等68项文件\07四月活动-图片集-叶开泰-IMG_20260419_140220等68项文件-横幅大合照1_42.jpg,c:\Users\Lenovo\Downloads\总结书材料\07四月活动\图片集\叶开泰\IMG_20260419_140220等68项文件\07四月活动-图片集-叶开泰-横幅大合照1_37.jpg,07四月活动-图片集-叶开泰-IMG_20260419_140220等68项文件-横幅大合照1_42.jpg,07四月活动-图片集-叶开泰-横幅大合照1_37.jpg
c:\Users\Lenovo\Downloads\总结书材料\07四月活动\图片集\叶开泰\IMG_20260419_140220等68项文件\07四月活动-图片集-叶开泰-IMG_20260419_140220等68项文件-横幅大合照1_43.jpg,c:\Users\Lenovo\Downloads\总结书材料\07四月活动\图片集\叶开泰\IMG_20260419_140220等68项文件\07四月活动-图片集-叶开泰-横幅大合照1_38.jpg,07四月活动-图片集-叶开泰-IMG_20260419_140220等68项文件-横幅大合照1_43.jpg,07四月活动-图片集-叶开泰-横幅大合照1_38.jpg
c:\Users\Lenovo\Downloads\总结书材料\07四月活动\图片集\叶开泰\IMG_20260419_140220等68项文件\07四月活动-图片集-叶开泰-IMG_20260419_140220等68项文件-横幅大合照1_44.jpg,c:\Users\Lenovo\Downloads\总结书材料\07四月活动\图片集\叶开泰\IMG_20260419_140220等68项文件\07四月活动-图片集-叶开泰-横幅大合照1_39.jpg,07四月活动-图片集-叶开泰-IMG_20260419_140220等68项文件-横幅大合照1_44.jpg,07四月活动-图片集-叶开泰-横幅大合照1_39.jpg
c:\Users\Lenovo\Downloads\总结书材料\07四月活动\图片集\叶开泰\IMG_20260419_140220等68项文件\07四月活动-图片集-叶开泰-IMG_20260419_140220等68项文件-横幅大合照1_45.jpg,c:\Users\Lenovo\Downloads\总结书材料\07四月活动\图片集\叶开泰\IMG_20260419_140220等68项文件\07四月活动-图片集-叶开泰-横幅大合照1_40.jpg,07四月活动-图片集-叶开泰-IMG_20260419_140220等68项文件-横幅大合照1_45.jpg,07四月活动-图片集-叶开泰-横幅大合照1_40.jpg
c:\Users\Lenovo\Downloads\总结书材料\07四月活动\图片集\叶开泰\IMG_20260419_140220等68项文件\07四月活动-图片集-叶开泰-IMG_20260419_140220等68项文件-横幅大合照1_46.jpg,c:\Users\Lenovo\Downloads\总结书材料\07四月活动\图片集\叶开泰\IMG_20260419_140220等68项文件\07四月活动-图片集-叶开泰-横幅大合照1_41.jpg,07四月活动-图片集-叶开泰-IMG_20260419_140220等68项文件-横幅大合照1_46.jpg,07四月活动-图片集-叶开泰-横幅大合照1_41.jpg
c:\Users\Lenovo\Downloads\总结书材料\07四月活动\图片集\叶开泰\IMG_20260419_140220等68项文件\07四月活动-图片集-叶开泰-IMG_20260419_140220等68项文件-横幅大合照1_47.jpg,c:\Users\Lenovo\Downloads\总结书材料\07四月活动\图片集\叶开泰\IMG_20260419_140220等68项文件\07四月活动-图片集-叶开泰-横幅大合照1_42.jpg,07四月活动-图片集-叶开泰-IMG_20260419_140220等68项文件-横幅大合照1_47.jpg,07四月活动-图片集-叶开泰-横幅大合照1_42.jpg
c:\Users\Lenovo\Downloads\总结书材料\07四月活动\图片集\叶开泰\IMG_20260419_140220等68项文件\07四月活动-图片集-叶开泰-IMG_20260419_140220等68项文件-横幅大合照1_48.jpg,c:\Users\Lenovo\Downloads\总结书材料\07四月活动\图片集\叶开泰\IMG_20260419_140220等68项文件\07四月活动-图片集-叶开泰-横幅大合照1_43.jpg,07四月活动-图片集-叶开泰-IMG_20260419_140220等68项文件-横幅大合照1_48.jpg,07四月活动-图片集-叶开泰-横幅大合照1_43.jpg
c:\Users\Lenovo\Downloads\总结书材料\07四月活动\图片集\叶开泰\IMG_20260419_140220等68项文件\07四月活动-图片集-叶开泰-IMG_20260419_140220等68项文件-横幅大合照1_49.jpg,c:\Users\Lenovo\Downloads\总结书材料\07四月活动\图片集\叶开泰\IMG_20260419_140220等68项文件\07四月活动-图片集-叶开泰-横幅大合照1_44.jpg,07四月活动-图片集-叶开泰-IMG_20260419_140220等68项文件-横幅大合照1_49.jpg,07四月活动-图片集-叶开泰-横幅大合照1_44.jpg
c:\Users\Lenovo\Downloads\总结书材料\07四月活动\图片集\叶开泰\IMG_20260419_140220等68项文件\07四月活动-图片集-叶开泰-IMG_20260419_140220等68项文件-横幅大合照1_5.jpg,c:\Users\Lenovo\Downloads\总结书材料\07四月活动\图片集\叶开泰\IMG_20260419_140220等68项文件\07四月活动-图片集-叶开泰-横幅大合照1_45.jpg,07四月活动-图片集-叶开泰-IMG_20260419_140220等68项文件-横幅大合照1_5.jpg,07四月活动-图片集-叶开泰-横幅大合照1_45.jpg
c:\Users\Lenovo\Downloads\总结书材料\07四月活动\图片集\叶开泰\IMG_20260419_140220等68项文件\07四月活动-图片集-叶开泰-IMG_20260419_140220等68项文件-横幅大合照1_50.jpg,c:\Users\Lenovo\Downloads\总结书材料\07四月活动\图片集\叶开泰\IMG_20260419_140220等68项文件\07四月活动-图片集-叶开泰-横幅大合照1_46.jpg,07四月活动-图片集-叶开泰-IMG_20260419_140220等68项文件-横幅大合照1_50.jpg,07四月活动-图片集-叶开泰-横幅大合照1_46.jpg
c:\Users\Lenovo\Downloads\总结书材料\07四月活动\图片集\叶开泰\IMG_20260419_140220等68项文件\07四月活动-图片集-叶开泰-IMG_20260419_140220等68项文件-横幅大合照1_51.jpg,c:\Users\Lenovo\Downloads\总结书材料\07四月活动\图片集\叶开泰\IMG_20260419_140220等68项文件\07四月活动-图片集-叶开泰-横幅大合照1_47.jpg,07四月活动-图片集-叶开泰-IMG_20260419_140220等68项文件-横幅大合照1_51.jpg,07四月活动-图片集-叶开泰-横幅大合照1_47.jpg
c:\Users\Lenovo\Downloads\总结书材料\07四月活动\图片集\叶开泰\IMG_20260419_140220等68项文件\07四月活动-图片集-叶开泰-IMG_20260419_140220等68项文件-横幅大合照1_52.jpg,c:\Users\Lenovo\Downloads\总结书材料\07四月活动\图片集\叶开泰\IMG_20260419_140220等68项文件\07四月活动-图片集-叶开泰-横幅大合照1_48.jpg,07四月活动-图片集-叶开泰-IMG_20260419_140220等68项文件-横幅大合照1_52.jpg,07四月活动-图片集-叶开泰-横幅大合照1_48.jpg
c:\Users\Lenovo\Downloads\总结书材料\07四月活动\图片集\叶开泰\IMG_20260419_140220等68项文件\07四月活动-图片集-叶开泰-IMG_20260419_140220等68项文件-横幅大合照1_53.jpg,c:\Users\Lenovo\Downloads\总结书材料\07四月活动\图片集\叶开泰\IMG_20260419_140220等68项文件\07四月活动-图片集-叶开泰-横幅大合照1_49.jpg,07四月活动-图片集-叶开泰-IMG_20260419_140220等68项文件-横幅大合照1_53.jpg,07四月活动-图片集-叶开泰-横幅大合照1_49.jpg
c:\Users\Lenovo\Downloads\总结书材料\07四月活动\图片集\叶开泰\IMG_20260419_140220等68项文件\07四月活动-图片集-叶开泰-IMG_20260419_140220等68项文件-横幅大合照1_54.jpg,c:\Users\Lenovo\Downloads\总结书材料\07四月活动\图片集\叶开泰\IMG_20260419_140220等68项文件\07四月活动-图片集-叶开泰-横幅大合照1_50.jpg,07四月活动-图片集-叶开泰-IMG_20260419_140220等68项文件-横幅大合照1_54.jpg,07四月活动-图片集-叶开泰-横幅大合照1_50.jpg
c:\Users\Lenovo\Downloads\总结书材料\07四月活动\图片集\叶开泰\IMG_20260419_140220等68项文件\07四月活动-图片集-叶开泰-IMG_20260419_140220等68项文件-横幅大合照1_55.jpg,c:\Users\Lenovo\Downloads\总结书材料\07四月活动\图片集\叶开泰\IMG_20260419_140220等68项文件\07四月活动-图片集-叶开泰-横幅大合照1_51.jpg,07四月活动-图片集-叶开泰-IMG_20260419_140220等68项文件-横幅大合照1_55.jpg,07四月活动-图片集-叶开泰-横幅大合照1_51.jpg
c:\Users\Lenovo\Downloads\总结书材料\07四月活动\图片集\叶开泰\IMG_20260419_140220等68项文件\07四月活动-图片集-叶开泰-IMG_20260419_140220等68项文件-横幅大合照1_56.jpg,c:\Users\Lenovo\Downloads\总结书材料\07四月活动\图片集\叶开泰\IMG_20260419_140220等68项文件\07四月活动-图片集-叶开泰-横幅大合照1_52.jpg,07四月活动-图片集-叶开泰-IMG_20260419_140220等68项文件-横幅大合照1_56.jpg,07四月活动-图片集-叶开泰-横幅大合照1_52.jpg
c:\Users\Lenovo\Downloads\总结书材料\07四月活动\图片集\叶开泰\IMG_20260419_140220等68项文件\07四月活动-图片集-叶开泰-IMG_20260419_140220等68项文件-横幅大合照1_57.jpg,c:\Users\Lenovo\Downloads\总结书材料\07四月活动\图片集\叶开泰\IMG_20260419_140220等68项文件\07四月活动-图片集-叶开泰-横幅大合照1_53.jpg,07四月活动-图片集-叶开泰-IMG_20260419_140220等68项文件-横幅大合照1_57.jpg,07四月活动-图片集-叶开泰-横幅大合照1_53.jpg
c:\Users\Lenovo\Downloads\总结书材料\07四月活动\图片集\叶开泰\IMG_20260419_140220等68项文件\07四月活动-图片集-叶开泰-IMG_20260419_140220等68项文件-横幅大合照1_58.jpg,c:\Users\Lenovo\Downloads\总结书材料\07四月活动\图片集\叶开泰\IMG_20260419_140220等68项文件\07四月活动-图片集-叶开泰-横幅大合照1_54.jpg,07四月活动-图片集-叶开泰-IMG_20260419_140220等68项文件-横幅大合照1_58.jpg,07四月活动-图片集-叶开泰-横幅大合照1_54.jpg
c:\Users\Lenovo\Downloads\总结书材料\07四月活动\图片集\叶开泰\IMG_20260419_140220等68项文件\07四月活动-图片集-叶开泰-IMG_20260419_140220等68项文件-横幅大合照1_59.jpg,c:\Users\Lenovo\Downloads\总结书材料\07四月活动\图片集\叶开泰\IMG_20260419_140220等68项文件\07四月活动-图片集-叶开泰-横幅大合照1_55.jpg,07四月活动-图片集-叶开泰-IMG_20260419_140220等68项文件-横幅大合照1_59.jpg,07四月活动-图片集-叶开泰-横幅大合照1_55.jpg
c:\Users\Lenovo\Downloads\总结书材料\07四月活动\图片集\叶开泰\IMG_20260419_140220等68项文件\07四月活动-图片集-叶开泰-IMG_20260419_140220等68项文件-横幅大合照1_6.jpg,c:\Users\Lenovo\Downloads\总结书材料\07四月活动\图片集\叶开泰\IMG_20260419_140220等68项文件\07四月活动-图片集-叶开泰-横幅大合照1_56.jpg,07四月活动-图片集-叶开泰-IMG_20260419_140220等68项文件-横幅大合照1_6.jpg,07四月活动-图片集-叶开泰-横幅大合照1_56.jpg
c:\Users\Lenovo\Downloads\总结书材料\07四月活动\图片集\叶开泰\IMG_20260419_140220等68项文件\07四月活动-图片集-叶开泰-IMG_20260419_140220等68项文件-横幅大合照1_60.jpg,c:\Users\Lenovo\Downloads\总结书材料\07四月活动\图片集\叶开泰\IMG_20260419_140220等68项文件\07四月活动-图片集-叶开泰-横幅大合照1_57.jpg,07四月活动-图片集-叶开泰-IMG_20260419_140220等68项文件-横幅大合照1_60.jpg,07四月活动-图片集-叶开泰-横幅大合照1_57.jpg
c:\Users\Lenovo\Downloads\总结书材料\07四月活动\图片集\叶开泰\IMG_20260419_140220等68项文件\07四月活动-图片集-叶开泰-IMG_20260419_140220等68项文件-横幅大合照1_61.jpg,c:\Users\Lenovo\Downloads\总结书材料\07四月活动\图片集\叶开泰\IMG_20260419_140220等68项文件\07四月活动-图片集-叶开泰-横幅大合照1_58.jpg,07四月活动-图片集-叶开泰-IMG_20260419_140220等68项文件-横幅大合照1_61.jpg,07四月活动-图片集-叶开泰-横幅大合照1_58.jpg
c:\Users\Lenovo\Downloads\总结书材料\07四月活动\图片集\叶开泰\IMG_20260419_140220等68项文件\07四月活动-图片集-叶开泰-IMG_20260419_140220等68项文件-横幅大合照1_62.jpg,c:\Users\Lenovo\Downloads\总结书材料\07四月活动\图片集\叶开泰\IMG_20260419_140220等68项文件\07四月活动-图片集-叶开泰-横幅大合照1_59.jpg,07四月活动-图片集-叶开泰-IMG_20260419_140220等68项文件-横幅大合照1_62.jpg,07四月活动-图片集-叶开泰-横幅大合照1_59.jpg
c:\Users\Lenovo\Downloads\总结书材料\07四月活动\图片集\叶开泰\IMG_20260419_140220等68项文件\07四月活动-图片集-叶开泰-IMG_20260419_140220等68项文件-横幅大合照1_63.jpg,c:\Users\Lenovo\Downloads\总结书材料\07四月活动\图片集\叶开泰\IMG_20260419_140220等68项文件\07四月活动-图片集-叶开泰-横幅大合照1_60.jpg,07四月活动-图片集-叶开泰-IMG_20260419_140220等68项文件-横幅大合照1_63.jpg,07四月活动-图片集-叶开泰-横幅大合照1_60.jpg
c:\Users\Lenovo\Downloads\总结书材料\07四月活动\图片集\叶开泰\IMG_20260419_140220等68项文件\07四月活动-图片集-叶开泰-IMG_20260419_140220等68项文件-横幅大合照1_64.jpg,c:\Users\Lenovo\Downloads\总结书材料\07四月活动\图片集\叶开泰\IMG_20260419_140220等68项文件\07四月活动-图片集-叶开泰-横幅大合照1_61.jpg,07四月活动-图片集-叶开泰-IMG_20260419_140220等68项文件-横幅大合照1_64.jpg,07四月活动-图片集-叶开泰-横幅大合照1_61.jpg
c:\Users\Lenovo\Downloads\总结书材料\07四月活动\图片集\叶开泰\IMG_20260419_140220等68项文件\07四月活动-图片集-叶开泰-IMG_20260419_140220等68项文件-横幅大合照1_65.jpg,c:\Users\Lenovo\Downloads\总结书材料\07四月活动\图片集\叶开泰\IMG_20260419_140220等68项文件\07四月活动-图片集-叶开泰-横幅大合照1_62.jpg,07四月活动-图片集-叶开泰-IMG_20260419_140220等68项文件-横幅大合照1_65.jpg,07四月活动-图片集-叶开泰-横幅大合照1_62.jpg
c:\Users\Lenovo\Downloads\总结书材料\07四月活动\图片集\叶开泰\IMG_20260419_140220等68项文件\07四月活动-图片集-叶开泰-IMG_20260419_140220等68项文件-横幅大合照1_66.jpg,c:\Users\Lenovo\Downloads\总结书材料\07四月活动\图片集\叶开泰\IMG_20260419_140220等68项文件\07四月活动-图片集-叶开泰-横幅大合照1_63.jpg,07四月活动-图片集-叶开泰-IMG_20260419_140220等68项文件-横幅大合照1_66.jpg,07四月活动-图片集-叶开泰-横幅大合照1_63.jpg
c:\Users\Lenovo\Downloads\总结书材料\07四月活动\图片集\叶开泰\IMG_20260419_140220等68项文件\07四月活动-图片集-叶开泰-IMG_20260419_140220等68项文件-横幅大合照1_67.jpg,c:\Users\Lenovo\Downloads\总结书材料\07四月活动\图片集\叶开泰\IMG_20260419_140220等68项文件\07四月活动-图片集-叶开泰-横幅大合照1_64.jpg,07四月活动-图片集-叶开泰-IMG_20260419_140220等68项文件-横幅大合照1_67.jpg,07四月活动-图片集-叶开泰-横幅大合照1_64.jpg
c:\Users\Lenovo\Downloads\总结书材料\07四月活动\图片集\叶开泰\IMG_20260419_140220等68项文件\07四月活动-图片集-叶开泰-IMG_20260419_140220等68项文件-横幅大合照1_7.jpg,c:\Users\Lenovo\Downloads\总结书材料\07四月活动\图片集\叶开泰\IMG_20260419_140220等68项文件\07四月活动-图片集-叶开泰-横幅大合照1_65.jpg,07四月活动-图片集-叶开泰-IMG_20260419_140220等68项文件-横幅大合照1_7.jpg,07四月活动-图片集-叶开泰-横幅大合照1_65.jpg
c:\Users\Lenovo\Downloads\总结书材料\07四月活动\图片集\叶开泰\IMG_20260419_140220等68项文件\07四月活动-图片集-叶开泰-IMG_20260419_140220等68项文件-横幅大合照1_8.jpg,c:\Users\Lenovo\Downloads\总结书材料\07四月活动\图片集\叶开泰\IMG_20260419_140220等68项文件\07四月活动-图片集-叶开泰-横幅大合照1_66.jpg,07四月活动-图片集-叶开泰-IMG_20260419_140220等68项文件-横幅大合照1_8.jpg,07四月活动-图片集-叶开泰-横幅大合照1_66.jpg
c:\Users\Lenovo\Downloads\总结书材料\07四月活动\图片集\叶开泰\IMG_20260419_140220等68项文件\07四月活动-图片集-叶开泰-IMG_20260419_140220等68项文件-横幅大合照1_9.jpg,c:\Users\Lenovo\Downloads\总结书材料\07四月活动\图片集\叶开泰\IMG_20260419_140220等68项文件\07四月活动-图片集-叶开泰-横幅大合照1_67.jpg,07四月活动-图片集-叶开泰-IMG_20260419_140220等68项文件-横幅大合照1_9.jpg,07四月活动-图片集-叶开泰-横幅大合照1_67.jpg
c:\Users\Lenovo\Downloads\总结书材料\07四月活动\图片集\志愿服务\07四月活动-图片集-志愿服务-微信图片_20260419101604_103_720.jpg,c:\Users\Lenovo\Downloads\总结书材料\07四月活动\图片集\志愿服务\07四月活动-图片集-志愿服务-扫地1.jpg,07四月活动-图片集-志愿服务-微信图片_20260419101604_103_720.jpg,07四月活动-图片集-志愿服务-扫地1.jpg
c:\Users\Lenovo\Downloads\总结书材料\07四月活动\图片集\志愿服务\07四月活动-图片集-志愿服务-微信图片_20260419101618_104_720.jpg,c:\Users\Lenovo\Downloads\总结书材料\07四月活动\图片集\志愿服务\07四月活动-图片集-志愿服务-撕墙上广告1.jpg,07四月活动-图片集-志愿服务-微信图片_20260419101618_104_720.jpg,07四月活动-图片集-志愿服务-撕墙上广告1.jpg
c:\Users\Lenovo\Downloads\总结书材料\07四月活动\图片集\志愿服务\07四月活动-图片集-志愿服务-微信图片_20260419101623_105_720.jpg,c:\Users\Lenovo\Downloads\总结书材料\07四月活动\图片集\志愿服务\07四月活动-图片集-志愿服务-撕墙上广告2.jpg,07四月活动-图片集-志愿服务-微信图片_20260419101623_105_720.jpg,07四月活动-图片集-志愿服务-撕墙上广告2.jpg
c:\Users\Lenovo\Downloads\总结书材料\07四月活动\图片集\志愿服务\07四月活动-图片集-志愿服务-微信图片_20260419101729_106_720.jpg,c:\Users\Lenovo\Downloads\总结书材料\07四月活动\图片集\志愿服务\07四月活动-图片集-志愿服务-扫地2.jpg,07四月活动-图片集-志愿服务-微信图片_20260419101729_106_720.jpg,07四月活动-图片集-志愿服务-扫地2.jpg
c:\Users\Lenovo\Downloads\总结书材料\07四月活动\图片集\志愿服务\07四月活动-图片集-志愿服务-微信图片_20260419101731_107_720.jpg,c:\Users\Lenovo\Downloads\总结书材料\07四月活动\图片集\志愿服务\07四月活动-图片集-志愿服务-扫地3.jpg,07四月活动-图片集-志愿服务-微信图片_20260419101731_107_720.jpg,07四月活动-图片集-志愿服务-扫地3.jpg
c:\Users\Lenovo\Downloads\总结书材料\07四月活动\图片集\志愿服务\07四月活动-图片集-志愿服务-微信图片_20260419101733_108_720.jpg,c:\Users\Lenovo\Downloads\总结书材料\07四月活动\图片集\志愿服务\07四月活动-图片集-志愿服务-扫地4.jpg,07四月活动-图片集-志愿服务-微信图片_20260419101733_108_720.jpg,07四月活动-图片集-志愿服务-扫地4.jpg
c:\Users\Lenovo\Downloads\总结书材料\07四月活动\图片集\志愿服务\07四月活动-图片集-志愿服务-微信图片_20260419101736_109_720.jpg,c:\Users\Lenovo\Downloads\总结书材料\07四月活动\图片集\志愿服务\07四月活动-图片集-志愿服务-贴通知1.jpg,07四月活动-图片集-志愿服务-微信图片_20260419101736_109_720.jpg,07四月活动-图片集-志愿服务-贴通知1.jpg
c:\Users\Lenovo\Downloads\总结书材料\07四月活动\图片集\志愿服务\07四月活动-图片集-志愿服务-微信图片_20260419101738_110_720.jpg,c:\Users\Lenovo\Downloads\总结书材料\07四月活动\图片集\志愿服务\07四月活动-图片集-志愿服务-贴通知2.jpg,07四月活动-图片集-志愿服务-微信图片_20260419101738_110_720.jpg,07四月活动-图片集-志愿服务-贴通知2.jpg
c:\Users\Lenovo\Downloads\总结书材料\07四月活动\图片集\志愿服务\07四月活动-图片集-志愿服务-微信图片_20260419101743_111_720.jpg,c:\Users\Lenovo\Downloads\总结书材料\07四月活动\图片集\志愿服务\07四月活动-图片集-志愿服务-贴通知3.jpg,07四月活动-图片集-志愿服务-微信图片_20260419101743_111_720.jpg,07四月活动-图片集-志愿服务-贴通知3.jpg
c:\Users\Lenovo\Downloads\总结书材料\07四月活动\图片集\志愿服务\07四月活动-图片集-志愿服务-微信图片_20260419101745_112_720.jpg,c:\Users\Lenovo\Downloads\总结书材料\07四月活动\图片集\志愿服务\07四月活动-图片集-志愿服务-贴通知4.jpg,07四月活动-图片集-志愿服务-微信图片_20260419101745_112_720.jpg,07四月活动-图片集-志愿服务-贴通知4.jpg
c:\Users\Lenovo\Downloads\总结书材料\07四月活动\图片集\志愿服务\07四月活动-图片集-志愿服务-微信图片_20260419101748_113_720.jpg,c:\Users\Lenovo\Downloads\总结书材料\07四月活动\图片集\志愿服务\07四月活动-图片集-志愿服务-撕墙上广告3.jpg,07四月活动-图片集-志愿服务-微信图片_20260419101748_113_720.jpg,07四月活动-图片集-志愿服务-撕墙上广告3.jpg
c:\Users\Lenovo\Downloads\总结书材料\07四月活动\图片集\志愿服务\07四月活动-图片集-志愿服务-微信图片_20260419101752_114_720.jpg,c:\Users\Lenovo\Downloads\总结书材料\07四月活动\图片集\志愿服务\07四月活动-图片集-志愿服务-撕墙上广告4.jpg,07四月活动-图片集-志愿服务-微信图片_20260419101752_114_720.jpg,07四月活动-图片集-志愿服务-撕墙上广告4.jpg
c:\Users\Lenovo\Downloads\总结书材料\07四月活动\图片集\志愿服务\07四月活动-图片集-志愿服务-微信图片_20260419101806_115_720.jpg,c:\Users\Lenovo\Downloads\总结书材料\07四月活动\图片集\志愿服务\07四月活动-图片集-志愿服务-喷漆清理广告1.jpg,07四月活动-图片集-志愿服务-微信图片_20260419101806_115_720.jpg,07四月活动-图片集-志愿服务-喷漆清理广告1.jpg
c:\Users\Lenovo\Downloads\总结书材料\07四月活动\图片集\志愿服务\07四月活动-图片集-志愿服务-微信图片_20260419101815_116_720.jpg,c:\Users\Lenovo\Downloads\总结书材料\07四月活动\图片集\志愿服务\07四月活动-图片集-志愿服务-喷漆清理广告2.jpg,07四月活动-图片集-志愿服务-微信图片_20260419101815_116_720.jpg,07四月活动-图片集-志愿服务-喷漆清理广告2.jpg
c:\Users\Lenovo\Downloads\总结书材料\07四月活动\图片集\志愿服务\07四月活动-图片集-志愿服务-微信图片_20260419101818_117_720.jpg,c:\Users\Lenovo\Downloads\总结书材料\07四月活动\图片集\志愿服务\07四月活动-图片集-志愿服务-铲地上口香糖1.jpg,07四月活动-图片集-志愿服务-微信图片_20260419101818_117_720.jpg,07四月活动-图片集-志愿服务-铲地上口香糖1.jpg
c:\Users\Lenovo\Downloads\总结书材料\07四月活动\图片集\志愿服务\07四月活动-图片集-志愿服务-微信图片_20260419101820_118_720.jpg,c:\Users\Lenovo\Downloads\总结书材料\07四月活动\图片集\志愿服务\07四月活动-图片集-志愿服务-铲地上口香糖2.jpg,07四月活动-图片集-志愿服务-微信图片_20260419101820_118_720.jpg,07四月活动-图片集-志愿服务-铲地上口香糖2.jpg
c:\Users\Lenovo\Downloads\总结书材料\07四月活动\图片集\志愿服务\07四月活动-图片集-志愿服务-微信图片_20260419101824_119_720.jpg,c:\Users\Lenovo\Downloads\总结书材料\07四月活动\图片集\志愿服务\07四月活动-图片集-志愿服务-撕墙上广告5.jpg,07四月活动-图片集-志愿服务-微信图片_20260419101824_119_720.jpg,07四月活动-图片集-志愿服务-撕墙上广告5.jpg
c:\Users\Lenovo\Downloads\总结书材料\07四月活动\图片集\志愿服务\07四月活动-图片集-志愿服务-微信图片_20260419101842_120_720.jpg,c:\Users\Lenovo\Downloads\总结书材料\07四月活动\图片集\志愿服务\07四月活动-图片集-志愿服务-撕墙上广告6.jpg,07四月活动-图片集-志愿服务-微信图片_20260419101842_120_720.jpg,07四月活动-图片集-志愿服务-撕墙上广告6.jpg
c:\Users\Lenovo\Downloads\总结书材料\07四月活动\图片集\志愿服务\07四月活动-图片集-志愿服务-微信图片_20260419101855_121_720.jpg,c:\Users\Lenovo\Downloads\总结书材料\07四月活动\图片集\志愿服务\07四月活动-图片集-志愿服务-撕墙上广告7.jpg,07四月活动-图片集-志愿服务-微信图片_20260419101855_121_720.jpg,07四月活动-图片集-志愿服务-撕墙上广告7.jpg
c:\Users\Lenovo\Downloads\总结书材料\07四月活动\图片集\志愿服务\07四月活动-图片集-志愿服务-微信图片_20260419101858_122_720.jpg,c:\Users\Lenovo\Downloads\总结书材料\07四月活动\图片集\志愿服务\07四月活动-图片集-志愿服务-撕墙上广告8.jpg,07四月活动-图片集-志愿服务-微信图片_20260419101858_122_720.jpg,07四月活动-图片集-志愿服务-撕墙上广告8.jpg
c:\Users\Lenovo\Downloads\总结书材料\07四月活动\图片集\志愿服务\07四月活动-图片集-志愿服务-微信图片_20260419101900_123_720.jpg,c:\Users\Lenovo\Downloads\总结书材料\07四月活动\图片集\志愿服务\07四月活动-图片集-志愿服务-刮墙上广告1.jpg,07四月活动-图片集-志愿服务-微信图片_20260419101900_123_720.jpg,07四月活动-图片集-志愿服务-刮墙上广告1.jpg
c:\Users\Lenovo\Downloads\总结书材料\07四月活动\图片集\志愿服务\07四月活动-图片集-志愿服务-微信图片_20260419101901_124_720.jpg,c:\Users\Lenovo\Downloads\总结书材料\07四月活动\图片集\志愿服务\07四月活动-图片集-志愿服务-喷水清理广告1.jpg,07四月活动-图片集-志愿服务-微信图片_20260419101901_124_720.jpg,07四月活动-图片集-志愿服务-喷水清理广告1.jpg
c:\Users\Lenovo\Downloads\总结书材料\07四月活动\图片集\志愿服务\07四月活动-图片集-志愿服务-微信图片_20260419101901_125_720.jpg,c:\Users\Lenovo\Downloads\总结书材料\07四月活动\图片集\志愿服务\07四月活动-图片集-志愿服务-刮墙上广告2.jpg,07四月活动-图片集-志愿服务-微信图片_20260419101901_125_720.jpg,07四月活动-图片集-志愿服务-刮墙上广告2.jpg
c:\Users\Lenovo\Downloads\总结书材料\07四月活动\图片集\志愿服务\07四月活动-图片集-志愿服务-微信图片_20260419101901_126_720.jpg,c:\Users\Lenovo\Downloads\总结书材料\07四月活动\图片集\志愿服务\07四月活动-图片集-志愿服务-刮墙上广告3.jpg,07四月活动-图片集-志愿服务-微信图片_20260419101901_126_720.jpg,07四月活动-图片集-志愿服务-刮墙上广告3.jpg
c:\Users\Lenovo\Downloads\总结书材料\07四月活动\图片集\志愿服务\07四月活动-图片集-志愿服务-微信图片_20260419101902_127_720.jpg,c:\Users\Lenovo\Downloads\总结书材料\07四月活动\图片集\志愿服务\07四月活动-图片集-志愿服务-刮墙上广告4.jpg,07四月活动-图片集-志愿服务-微信图片_20260419101902_127_720.jpg,07四月活动-图片集-志愿服务-刮墙上广告4.jpg
c:\Users\Lenovo\Downloads\总结书材料\07四月活动\图片集\志愿服务\07四月活动-图片集-志愿服务-微信图片_20260419101903_128_720.jpg,c:\Users\Lenovo\Downloads\总结书材料\07四月活动\图片集\志愿服务\07四月活动-图片集-志愿服务-刮墙上广告5.jpg,07四月活动-图片集-志愿服务-微信图片_20260419101903_128_720.jpg,07四月活动-图片集-志愿服务-刮墙上广告5.jpg
c:\Users\Lenovo\Downloads\总结书材料\07四月活动\图片集\志愿服务\07四月活动-图片集-志愿服务-微信图片_20260419101904_129_720.jpg,c:\Users\Lenovo\Downloads\总结书材料\07四月活动\图片集\志愿服务\07四月活动-图片集-志愿服务-刮墙上广告6.jpg,07四月活动-图片集-志愿服务-微信图片_20260419101904_129_720.jpg,07四月活动-图片集-志愿服务-刮墙上广告6.jpg
c:\Users\Lenovo\Downloads\总结书材料\07四月活动\图片集\志愿服务\07四月活动-图片集-志愿服务-微信图片_20260419101905_130_720.jpg,c:\Users\Lenovo\Downloads\总结书材料\07四月活动\图片集\志愿服务\07四月活动-图片集-志愿服务-刮墙上广告7.jpg,07四月活动-图片集-志愿服务-微信图片_20260419101905_130_720.jpg,07四月活动-图片集-志愿服务-刮墙上广告7.jpg
c:\Users\Lenovo\Downloads\总结书材料\07四月活动\图片集\志愿服务\07四月活动-图片集-志愿服务-微信图片_20260419101906_131_720.jpg,c:\Users\Lenovo\Downloads\总结书材料\07四月活动\图片集\志愿服务\07四月活动-图片集-志愿服务-刮门上广告1.jpg,07四月活动-图片集-志愿服务-微信图片_20260419101906_131_720.jpg,07四月活动-图片集-志愿服务-刮门上广告1.jpg
c:\Users\Lenovo\Downloads\总结书材料\07四月活动\图片集\志愿服务\07四月活动-图片集-志愿服务-微信图片_20260419101907_132_720.jpg,c:\Users\Lenovo\Downloads\总结书材料\07四月活动\图片集\志愿服务\07四月活动-图片集-志愿服务-看墙面广告1.jpg,07四月活动-图片集-志愿服务-微信图片_20260419101907_132_720.jpg,07四月活动-图片集-志愿服务-看墙面广告1.jpg
c:\Users\Lenovo\Downloads\总结书材料\07四月活动\图片集\志愿服务\07四月活动-图片集-志愿服务-微信图片_20260419101907_133_720.jpg,c:\Users\Lenovo\Downloads\总结书材料\07四月活动\图片集\志愿服务\07四月活动-图片集-志愿服务-看墙面广告2.jpg,07四月活动-图片集-志愿服务-微信图片_20260419101907_133_720.jpg,07四月活动-图片集-志愿服务-看墙面广告2.jpg
c:\Users\Lenovo\Downloads\总结书材料\07四月活动\图片集\志愿服务\07四月活动-图片集-志愿服务-微信图片_20260419101908_134_720.jpg,c:\Users\Lenovo\Downloads\总结书材料\07四月活动\图片集\志愿服务\07四月活动-图片集-志愿服务-红建社区合影1.jpg,07四月活动-图片集-志愿服务-微信图片_20260419101908_134_720.jpg,07四月活动-图片集-志愿服务-红建社区合影1.jpg
c:\Users\Lenovo\Downloads\总结书材料\07四月活动\图片集\志愿服务\07四月活动-图片集-志愿服务-微信图片_20260419101909_135_720.jpg,c:\Users\Lenovo\Downloads\总结书材料\07四月活动\图片集\志愿服务\07四月活动-图片集-志愿服务-红建社区合影2.jpg,07四月活动-图片集-志愿服务-微信图片_20260419101909_135_720.jpg,07四月活动-图片集-志愿服务-红建社区合影2.jpg
c:\Users\Lenovo\Downloads\总结书材料\07四月活动\图片集\志愿服务\07四月活动-图片集-志愿服务-微信图片_20260419101909_136_720.jpg,c:\Users\Lenovo\Downloads\总结书材料\07四月活动\图片集\志愿服务\07四月活动-图片集-志愿服务-撕墙上广告9.jpg,07四月活动-图片集-志愿服务-微信图片_20260419101909_136_720.jpg,07四月活动-图片集-志愿服务-撕墙上广告9.jpg
c:\Users\Lenovo\Downloads\总结书材料\07四月活动\图片集\志愿服务\07四月活动-图片集-志愿服务-微信图片_20260419101910_137_720.jpg,c:\Users\Lenovo\Downloads\总结书材料\07四月活动\图片集\志愿服务\07四月活动-图片集-志愿服务-撕墙上广告10.jpg,07四月活动-图片集-志愿服务-微信图片_20260419101910_137_720.jpg,07四月活动-图片集-志愿服务-撕墙上广告10.jpg
c:\Users\Lenovo\Downloads\总结书材料\07四月活动\图片集\志愿服务\07四月活动-图片集-志愿服务-微信图片_20260419101910_138_720.jpg,c:\Users\Lenovo\Downloads\总结书材料\07四月活动\图片集\志愿服务\07四月活动-图片集-志愿服务-撕墙上广告11.jpg,07四月活动-图片集-志愿服务-微信图片_20260419101910_138_720.jpg,07四月活动-图片集-志愿服务-撕墙上广告11.jpg
c:\Users\Lenovo\Downloads\总结书材料\07四月活动\图片集\志愿服务\07四月活动-图片集-志愿服务-微信图片_20260419101911_139_720.jpg,c:\Users\Lenovo\Downloads\总结书材料\07四月活动\图片集\志愿服务\07四月活动-图片集-志愿服务-撕墙上广告12.jpg,07四月活动-图片集-志愿服务-微信图片_20260419101911_139_720.jpg,07四月活动-图片集-志愿服务-撕墙上广告12.jpg
c:\Users\Lenovo\Downloads\总结书材料\07四月活动\图片集\志愿服务\07四月活动-图片集-志愿服务-微信图片_20260419101913_140_720.jpg,c:\Users\Lenovo\Downloads\总结书材料\07四月活动\图片集\志愿服务\07四月活动-图片集-志愿服务-铲地上广告1.jpg,07四月活动-图片集-志愿服务-微信图片_20260419101913_140_720.jpg,07四月活动-图片集-志愿服务-铲地上广告1.jpg
c:\Users\Lenovo\Downloads\总结书材料\07四月活动\图片集\志愿服务\07四月活动-图片集-志愿服务-微信图片_20260419101924_141_720.jpg,c:\Users\Lenovo\Downloads\总结书材料\07四月活动\图片集\志愿服务\07四月活动-图片集-志愿服务-铲地上广告2.jpg,07四月活动-图片集-志愿服务-微信图片_20260419101924_141_720.jpg,07四月活动-图片集-志愿服务-铲地上广告2.jpg
c:\Users\Lenovo\Downloads\总结书材料\07四月活动\图片集\志愿服务\07四月活动-图片集-志愿服务-微信图片_20260419101927_142_720.jpg,c:\Users\Lenovo\Downloads\总结书材料\07四月活动\图片集\志愿服务\07四月活动-图片集-志愿服务-看墙面广告3.jpg,07四月活动-图片集-志愿服务-微信图片_20260419101927_142_720.jpg,07四月活动-图片集-志愿服务-看墙面广告3.jpg
c:\Users\Lenovo\Downloads\总结书材料\07四月活动\图片集\志愿服务\07四月活动-图片集-志愿服务-微信图片_20260419101931_143_720.jpg,c:\Users\Lenovo\Downloads\总结书材料\07四月活动\图片集\志愿服务\07四月活动-图片集-志愿服务-看墙面广告4.jpg,07四月活动-图片集-志愿服务-微信图片_20260419101931_143_720.jpg,07四月活动-图片集-志愿服务-看墙面广告4.jpg
c:\Users\Lenovo\Downloads\总结书材料\07四月活动\图片集\志愿服务\07四月活动-图片集-志愿服务-微信图片_20260419101933_144_720.jpg,c:\Users\Lenovo\Downloads\总结书材料\07四月活动\图片集\志愿服务\07四月活动-图片集-志愿服务-铲墙面广告1.jpg,07四月活动-图片集-志愿服务-微信图片_20260419101933_144_720.jpg,07四月活动-图片集-志愿服务-铲墙面广告1.jpg
c:\Users\Lenovo\Downloads\总结书材料\07四月活动\图片集\志愿服务\07四月活动-图片集-志愿服务-微信图片_20260419101936_145_720.jpg,c:\Users\Lenovo\Downloads\总结书材料\07四月活动\图片集\志愿服务\07四月活动-图片集-志愿服务-看墙面广告5.jpg,07四月活动-图片集-志愿服务-微信图片_20260419101936_145_720.jpg,07四月活动-图片集-志愿服务-看墙面广告5.jpg
c:\Users\Lenovo\Downloads\总结书材料\07四月活动\图片集\志愿服务\07四月活动-图片集-志愿服务-微信图片_20260419101938_146_720.jpg,c:\Users\Lenovo\Downloads\总结书材料\07四月活动\图片集\志愿服务\07四月活动-图片集-志愿服务-看墙面广告6.jpg,07四月活动-图片集-志愿服务-微信图片_20260419101938_146_720.jpg,07四月活动-图片集-志愿服务-看墙面广告6.jpg
c:\Users\Lenovo\Downloads\总结书材料\07四月活动\图片集\志愿服务\07四月活动-图片集-志愿服务-微信图片_20260419101941_147_720.jpg,c:\Users\Lenovo\Downloads\总结书材料\07四月活动\图片集\志愿服务\07四月活动-图片集-志愿服务-喷洒清理液1.jpg,07四月活动-图片集-志愿服务-微信图片_20260419101941_147_720.jpg,07四月活动-图片集-志愿服务-喷洒清理液1.jpg
c:\Users\Lenovo\Downloads\总结书材料\07四月活动\图片集\志愿服务\07四月活动-图片集-志愿服务-微信图片_20260419101943_148_720.jpg,c:\Users\Lenovo\Downloads\总结书材料\07四月活动\图片集\志愿服务\07四月活动-图片集-志愿服务-撕墙上广告13.jpg,07四月活动-图片集-志愿服务-微信图片_20260419101943_148_720.jpg,07四月活动-图片集-志愿服务-撕墙上广告13.jpg
c:\Users\Lenovo\Downloads\总结书材料\07四月活动\图片集\志愿服务\07四月活动-图片集-志愿服务-微信图片_20260419101946_149_720.jpg,c:\Users\Lenovo\Downloads\总结书材料\07四月活动\图片集\志愿服务\07四月活动-图片集-志愿服务-撕墙上广告14.jpg,07四月活动-图片集-志愿服务-微信图片_20260419101946_149_720.jpg,07四月活动-图片集-志愿服务-撕墙上广告14.jpg
c:\Users\Lenovo\Downloads\总结书材料\07四月活动\图片集\志愿服务\07四月活动-图片集-志愿服务-微信图片_20260419101948_150_720.jpg,c:\Users\Lenovo\Downloads\总结书材料\07四月活动\图片集\志愿服务\07四月活动-图片集-志愿服务-撕墙上广告15.jpg,07四月活动-图片集-志愿服务-微信图片_20260419101948_150_720.jpg,07四月活动-图片集-志愿服务-撕墙上广告15.jpg
c:\Users\Lenovo\Downloads\总结书材料\07四月活动\图片集\志愿服务\07四月活动-图片集-志愿服务-微信图片_20260419101950_151_720.jpg,c:\Users\Lenovo\Downloads\总结书材料\07四月活动\图片集\志愿服务\07四月活动-图片集-志愿服务-刮墙上广告8.jpg,07四月活动-图片集-志愿服务-微信图片_20260419101950_151_720.jpg,07四月活动-图片集-志愿服务-刮墙上广告8.jpg
c:\Users\Lenovo\Downloads\总结书材料\07四月活动\图片集\志愿服务\07四月活动-图片集-志愿服务-微信图片_20260419101953_152_720.jpg,c:\Users\Lenovo\Downloads\总结书材料\07四月活动\图片集\志愿服务\07四月活动-图片集-志愿服务-刮墙上广告9.jpg,07四月活动-图片集-志愿服务-微信图片_20260419101953_152_720.jpg,07四月活动-图片集-志愿服务-刮墙上广告9.jpg
c:\Users\Lenovo\Downloads\总结书材料\07四月活动\图片集\志愿服务\07四月活动-图片集-志愿服务-微信图片_20260419101955_153_720.jpg,c:\Users\Lenovo\Downloads\总结书材料\07四月活动\图片集\志愿服务\07四月活动-图片集-志愿服务-刮墙上广告10.jpg,07四月活动-图片集-志愿服务-微信图片_20260419101955_153_720.jpg,07四月活动-图片集-志愿服务-刮墙上广告10.jpg
c:\Users\Lenovo\Downloads\总结书材料\07四月活动\图片集\志愿服务\07四月活动-图片集-志愿服务-微信图片_20260419101959_154_720.jpg,c:\Users\Lenovo\Downloads\总结书材料\07四月活动\图片集\志愿服务\07四月活动-图片集-志愿服务-刮墙上广告11.jpg,07四月活动-图片集-志愿服务-微信图片_20260419101959_154_720.jpg,07四月活动-图片集-志愿服务-刮墙上广告11.jpg
c:\Users\Lenovo\Downloads\总结书材料\07四月活动\图片集\志愿服务\07四月活动-图片集-志愿服务-微信图片_20260419102003_155_720.jpg,c:\Users\Lenovo\Downloads\总结书材料\07四月活动\图片集\志愿服务\07四月活动-图片集-志愿服务-清理垃圾1.jpg,07四月活动-图片集-志愿服务-微信图片_20260419102003_155_720.jpg,07四月活动-图片集-志愿服务-清理垃圾1.jpg
c:\Users\Lenovo\Downloads\总结书材料\07四月活动\图片集\志愿服务\07四月活动-图片集-志愿服务-微信图片_20260419102008_156_720.jpg,c:\Users\Lenovo\Downloads\总结书材料\07四月活动\图片集\志愿服务\07四月活动-图片集-志愿服务-刮墙上广告12.jpg,07四月活动-图片集-志愿服务-微信图片_20260419102008_156_720.jpg,07四月活动-图片集-志愿服务-刮墙上广告12.jpg
c:\Users\Lenovo\Downloads\总结书材料\07四月活动\图片集\志愿服务\07四月活动-图片集-志愿服务-微信图片_20260419102012_157_720.jpg,c:\Users\Lenovo\Downloads\总结书材料\07四月活动\图片集\志愿服务\07四月活动-图片集-志愿服务-清理水管上广告1.jpg,07四月活动-图片集-志愿服务-微信图片_20260419102012_157_720.jpg,07四月活动-图片集-志愿服务-清理水管上广告1.jpg
c:\Users\Lenovo\Downloads\总结书材料\07四月活动\图片集\志愿服务\07四月活动-图片集-志愿服务-微信图片_20260419102015_158_720.jpg,c:\Users\Lenovo\Downloads\总结书材料\07四月活动\图片集\志愿服务\07四月活动-图片集-志愿服务-清理水管上广告2.jpg,07四月活动-图片集-志愿服务-微信图片_20260419102015_158_720.jpg,07四月活动-图片集-志愿服务-清理水管上广告2.jpg
c:\Users\Lenovo\Downloads\总结书材料\07四月活动\图片集\志愿服务\07四月活动-图片集-志愿服务-微信图片_20260419102018_159_720.jpg,c:\Users\Lenovo\Downloads\总结书材料\07四月活动\图片集\志愿服务\07四月活动-图片集-志愿服务-清理水管上广告3.jpg,07四月活动-图片集-志愿服务-微信图片_20260419102018_159_720.jpg,07四月活动-图片集-志愿服务-清理水管上广告3.jpg
c:\Users\Lenovo\Downloads\总结书材料\07四月活动\图片集\志愿服务\07四月活动-图片集-志愿服务-微信图片_20260419102021_160_720.jpg,c:\Users\Lenovo\Downloads\总结书材料\07四月活动\图片集\志愿服务\07四月活动-图片集-志愿服务-清理水管上广告4.jpg,07四月活动-图片集-志愿服务-微信图片_20260419102021_160_720.jpg,07四月活动-图片集-志愿服务-清理水管上广告4.jpg
c:\Users\Lenovo\Downloads\总结书材料\07四月活动\图片集\志愿服务\07四月活动-图片集-志愿服务-微信图片_20260419102024_161_720.jpg,c:\Users\Lenovo\Downloads\总结书材料\07四月活动\图片集\志愿服务\07四月活动-图片集-志愿服务-巷子内走动.jpg,07四月活动-图片集-志愿服务-微信图片_20260419102024_161_720.jpg,07四月活动-图片集-志愿服务-巷子内走动.jpg
c:\Users\Lenovo\Downloads\总结书材料\07四月活动\图片集\志愿服务\07四月活动-图片集-志愿服务-微信图片_20260419102746_162_720.jpg,c:\Users\Lenovo\Downloads\总结书材料\07四月活动\图片集\志愿服务\07四月活动-图片集-志愿服务-清理铁门上广告.jpg,07四月活动-图片集-志愿服务-微信图片_20260419102746_162_720.jpg,07四月活动-图片集-志愿服务-清理铁门上广告.jpg
c:\Users\Lenovo\Downloads\总结书材料\07四月活动\图片集\志愿服务\07四月活动-图片集-志愿服务-微信图片_20260419102752_163_720.jpg,c:\Users\Lenovo\Downloads\总结书材料\07四月活动\图片集\志愿服务\07四月活动-图片集-志愿服务-撕墙上广告16.jpg,07四月活动-图片集-志愿服务-微信图片_20260419102752_163_720.jpg,07四月活动-图片集-志愿服务-撕墙上广告16.jpg
c:\Users\Lenovo\Downloads\总结书材料\07四月活动\图片集\志愿服务\07四月活动-图片集-志愿服务-微信图片_20260419102756_164_720.jpg,c:\Users\Lenovo\Downloads\总结书材料\07四月活动\图片集\志愿服务\07四月活动-图片集-志愿服务-撕墙上广告17.jpg,07四月活动-图片集-志愿服务-微信图片_20260419102756_164_720.jpg,07四月活动-图片集-志愿服务-撕墙上广告17.jpg
c:\Users\Lenovo\Downloads\总结书材料\07四月活动\图片集\志愿服务\07四月活动-图片集-志愿服务-微信图片_20260419102800_165_720.jpg,c:\Users\Lenovo\Downloads\总结书材料\07四月活动\图片集\志愿服务\07四月活动-图片集-志愿服务-撕墙上广告18.jpg,07四月活动-图片集-志愿服务-微信图片_20260419102800_165_720.jpg,07四月活动-图片集-志愿服务-撕墙上广告18.jpg
c:\Users\Lenovo\Downloads\总结书材料\07四月活动\图片集\志愿服务\07四月活动-图片集-志愿服务-微信图片_20260419102804_166_720.jpg,c:\Users\Lenovo\Downloads\总结书材料\07四月活动\图片集\志愿服务\07四月活动-图片集-志愿服务-撕墙上广告19.jpg,07四月活动-图片集-志愿服务-微信图片_20260419102804_166_720.jpg,07四月活动-图片集-志愿服务-撕墙上广告19.jpg
c:\Users\Lenovo\Downloads\总结书材料\07四月活动\图片集\志愿服务\07四月活动-图片集-志愿服务-微信图片_20260419102808_167_720.jpg,c:\Users\Lenovo\Downloads\总结书材料\07四月活动\图片集\志愿服务\07四月活动-图片集-志愿服务-清理铁门上广告2.jpg,07四月活动-图片集-志愿服务-微信图片_20260419102808_167_720.jpg,07四月活动-图片集-志愿服务-清理铁门上广告2.jpg
c:\Users\Lenovo\Downloads\总结书材料\07四月活动\图片集\志愿服务\07四月活动-图片集-志愿服务-微信图片_20260419102811_168_720.jpg,c:\Users\Lenovo\Downloads\总结书材料\07四月活动\图片集\志愿服务\07四月活动-图片集-志愿服务-撕墙上广告20.jpg,07四月活动-图片集-志愿服务-微信图片_20260419102811_168_720.jpg,07四月活动-图片集-志愿服务-撕墙上广告20.jpg
c:\Users\Lenovo\Downloads\总结书材料\07四月活动\图片集\志愿服务\07四月活动-图片集-志愿服务-微信图片_20260419104214_169_720.jpg,c:\Users\Lenovo\Downloads\总结书材料\07四月活动\图片集\志愿服务\07四月活动-图片集-志愿服务-撕墙上广告21.jpg,07四月活动-图片集-志愿服务-微信图片_20260419104214_169_720.jpg,07四月活动-图片集-志愿服务-撕墙上广告21.jpg
c:\Users\Lenovo\Downloads\总结书材料\07四月活动\图片集\志愿服务\07四月活动-图片集-志愿服务-微信图片_20260419104217_170_720.jpg,c:\Users\Lenovo\Downloads\总结书材料\07四月活动\图片集\志愿服务\07四月活动-图片集-志愿服务-撕墙上广告22.jpg,07四月活动-图片集-志愿服务-微信图片_20260419104217_170_720.jpg,07四月活动-图片集-志愿服务-撕墙上广告22.jpg
c:\Users\Lenovo\Downloads\总结书材料\07四月活动\图片集\志愿服务\07四月活动-图片集-志愿服务-微信图片_20260419104219_171_720.jpg,c:\Users\Lenovo\Downloads\总结书材料\07四月活动\图片集\志愿服务\07四月活动-图片集-志愿服务-撕墙上广告23.jpg,07四月活动-图片集-志愿服务-微信图片_20260419104219_171_720.jpg,07四月活动-图片集-志愿服务-撕墙上广告23.jpg
c:\Users\Lenovo\Downloads\总结书材料\07四月活动\图片集\志愿服务\07四月活动-图片集-志愿服务-微信图片_20260419104225_172_720.jpg,c:\Users\Lenovo\Downloads\总结书材料\07四月活动\图片集\志愿服务\07四月活动-图片集-志愿服务-喷液清理广告1.jpg,07四月活动-图片集-志愿服务-微信图片_20260419104225_172_720.jpg,07四月活动-图片集-志愿服务-喷液清理广告1.jpg
c:\Users\Lenovo\Downloads\总结书材料\07四月活动\图片集\志愿服务\07四月活动-图片集-志愿服务-微信图片_20260419104228_173_720.jpg,c:\Users\Lenovo\Downloads\总结书材料\07四月活动\图片集\志愿服务\07四月活动-图片集-志愿服务-清理铁门上广告3.jpg,07四月活动-图片集-志愿服务-微信图片_20260419104228_173_720.jpg,07四月活动-图片集-志愿服务-清理铁门上广告3.jpg
c:\Users\Lenovo\Downloads\总结书材料\07四月活动\图片集\志愿服务\07四月活动-图片集-志愿服务-微信图片_20260419104230_174_720.jpg,c:\Users\Lenovo\Downloads\总结书材料\07四月活动\图片集\志愿服务\07四月活动-图片集-志愿服务-清理下水道上广告.jpg,07四月活动-图片集-志愿服务-微信图片_20260419104230_174_720.jpg,07四月活动-图片集-志愿服务-清理下水道上广告.jpg
c:\Users\Lenovo\Downloads\总结书材料\07四月活动\图片集\志愿服务\07四月活动-图片集-志愿服务-微信图片_20260419104233_175_720.jpg,c:\Users\Lenovo\Downloads\总结书材料\07四月活动\图片集\志愿服务\07四月活动-图片集-志愿服务-撕墙上广告24.jpg,07四月活动-图片集-志愿服务-微信图片_20260419104233_175_720.jpg,07四月活动-图片集-志愿服务-撕墙上广告24.jpg
c:\Users\Lenovo\Downloads\总结书材料\07四月活动\图片集\志愿服务\07四月活动-图片集-志愿服务-微信图片_20260419104236_176_720.jpg,c:\Users\Lenovo\Downloads\总结书材料\07四月活动\图片集\志愿服务\07四月活动-图片集-志愿服务-撕墙上广告25.jpg,07四月活动-图片集-志愿服务-微信图片_20260419104236_176_720.jpg,07四月活动-图片集-志愿服务-撕墙上广告25.jpg
c:\Users\Lenovo\Downloads\总结书材料\07四月活动\图片集\志愿服务\07四月活动-图片集-志愿服务-微信图片_20260419104239_177_720.jpg,c:\Users\Lenovo\Downloads\总结书材料\07四月活动\图片集\志愿服务\07四月活动-图片集-志愿服务-清理墙顶广告1.jpg,07四月活动-图片集-志愿服务-微信图片_20260419104239_177_720.jpg,07四月活动-图片集-志愿服务-清理墙顶广告1.jpg
c:\Users\Lenovo\Downloads\总结书材料\07四月活动\图片集\志愿服务\07四月活动-图片集-志愿服务-微信图片_20260419104241_178_720.jpg,c:\Users\Lenovo\Downloads\总结书材料\07四月活动\图片集\志愿服务\07四月活动-图片集-志愿服务-清理墙顶广告2.jpg,07四月活动-图片集-志愿服务-微信图片_20260419104241_178_720.jpg,07四月活动-图片集-志愿服务-清理墙顶广告2.jpg
c:\Users\Lenovo\Downloads\总结书材料\07四月活动\图片集\志愿服务\07四月活动-图片集-志愿服务-微信图片_20260419104244_179_720.jpg,c:\Users\Lenovo\Downloads\总结书材料\07四月活动\图片集\志愿服务\07四月活动-图片集-志愿服务-清理门上广告2.jpg,07四月活动-图片集-志愿服务-微信图片_20260419104244_179_720.jpg,07四月活动-图片集-志愿服务-清理门上广告2.jpg
c:\Users\Lenovo\Downloads\总结书材料\07四月活动\图片集\志愿服务\07四月活动-图片集-志愿服务-微信图片_20260419104247_180_720.jpg,c:\Users\Lenovo\Downloads\总结书材料\07四月活动\图片集\志愿服务\07四月活动-图片集-志愿服务-清理门上广告3.jpg,07四月活动-图片集-志愿服务-微信图片_20260419104247_180_720.jpg,07四月活动-图片集-志愿服务-清理门上广告3.jpg
c:\Users\Lenovo\Downloads\总结书材料\07四月活动\图片集\志愿服务\07四月活动-图片集-志愿服务-微信图片_20260419104249_181_720.jpg,c:\Users\Lenovo\Downloads\总结书材料\07四月活动\图片集\志愿服务\07四月活动-图片集-志愿服务-清理垃圾2.jpg,07四月活动-图片集-志愿服务-微信图片_20260419104249_181_720.jpg,07四月活动-图片集-志愿服务-清理垃圾2.jpg
c:\Users\Lenovo\Downloads\总结书材料\07四月活动\图片集\志愿服务\07四月活动-图片集-志愿服务-微信图片_20260419104251_182_720.jpg,c:\Users\Lenovo\Downloads\总结书材料\07四月活动\图片集\志愿服务\07四月活动-图片集-志愿服务-撕墙上广告26.jpg,07四月活动-图片集-志愿服务-微信图片_20260419104251_182_720.jpg,07四月活动-图片集-志愿服务-撕墙上广告26.jpg
c:\Users\Lenovo\Downloads\总结书材料\07四月活动\图片集\志愿服务\07四月活动-图片集-志愿服务-微信图片_20260419104254_183_720.jpg,c:\Users\Lenovo\Downloads\总结书材料\07四月活动\图片集\志愿服务\07四月活动-图片集-志愿服务-清理墙面广告1.jpg,07四月活动-图片集-志愿服务-微信图片_20260419104254_183_720.jpg,07四月活动-图片集-志愿服务-清理墙面广告1.jpg
c:\Users\Lenovo\Downloads\总结书材料\07四月活动\图片集\志愿服务\07四月活动-图片集-志愿服务-微信图片_20260419104257_184_720.jpg,c:\Users\Lenovo\Downloads\总结书材料\07四月活动\图片集\志愿服务\07四月活动-图片集-志愿服务-清理墙面广告2.jpg,07四月活动-图片集-志愿服务-微信图片_20260419104257_184_720.jpg,07四月活动-图片集-志愿服务-清理墙面广告2.jpg
c:\Users\Lenovo\Downloads\总结书材料\07四月活动\图片集\志愿服务\07四月活动-图片集-志愿服务-微信图片_20260419104259_185_720.jpg,c:\Users\Lenovo\Downloads\总结书材料\07四月活动\图片集\志愿服务\07四月活动-图片集-志愿服务-清理黑门广告1.jpg,07四月活动-图片集-志愿服务-微信图片_20260419104259_185_720.jpg,07四月活动-图片集-志愿服务-清理黑门广告1.jpg
c:\Users\Lenovo\Downloads\总结书材料\07四月活动\图片集\志愿服务\07四月活动-图片集-志愿服务-微信图片_20260419104301_186_720.jpg,c:\Users\Lenovo\Downloads\总结书材料\07四月活动\图片集\志愿服务\07四月活动-图片集-志愿服务-清理黑门广告2.jpg,07四月活动-图片集-志愿服务-微信图片_20260419104301_186_720.jpg,07四月活动-图片集-志愿服务-清理黑门广告2.jpg
c:\Users\Lenovo\Downloads\总结书材料\07四月活动\图片集\志愿服务\07四月活动-图片集-志愿服务-微信图片_20260419104304_187_720.jpg,c:\Users\Lenovo\Downloads\总结书材料\07四月活动\图片集\志愿服务\07四月活动-图片集-志愿服务-清理墙面广告3.jpg,07四月活动-图片集-志愿服务-微信图片_20260419104304_187_720.jpg,07四月活动-图片集-志愿服务-清理墙面广告3.jpg
c:\Users\Lenovo\Downloads\总结书材料\07四月活动\图片集\志愿服务\07四月活动-图片集-志愿服务-微信图片_20260419104307_188_720.jpg,c:\Users\Lenovo\Downloads\总结书材料\07四月活动\图片集\志愿服务\07四月活动-图片集-志愿服务-清理墙面广告4.jpg,07四月活动-图片集-志愿服务-微信图片_20260419104307_188_720.jpg,07四月活动-图片集-志愿服务-清理墙面广告4.jpg
c:\Users\Lenovo\Downloads\总结书材料\07四月活动\图片集\志愿服务\07四月活动-图片集-志愿服务-微信图片_20260419104310_189_720.jpg,c:\Users\Lenovo\Downloads\总结书材料\07四月活动\图片集\志愿服务\07四月活动-图片集-志愿服务-撕墙上广告27.jpg,07四月活动-图片集-志愿服务-微信图片_20260419104310_189_720.jpg,07四月活动-图片集-志愿服务-撕墙上广告27.jpg
